epoch,time,train/loss,metrics/accuracy_top1,metrics/accuracy_top5,val/loss,lr/pg0,lr/pg1,lr/pg2
1,0.94137,2.48935,0.16667,0.75,2.25354,0,0,0
2,2.92946,2.53379,0.16667,0.75,2.25354,0.000235644,0.000235644,0.000235644
3,4.06778,2.40447,0.16667,0.75,2.25354,0.000466575,0.000466575,0.000466575
4,5.47537,2.46451,0.25,0.75,2.13993,0.000692794,0.000692794,0.000692794
5,6.69875,1.46349,0.25,0.75,2.13993,0.000685726,0.000685726,0.000685726
6,7.89253,1.65759,0.25,0.75,2.13993,0.000678657,0.000678657,0.000678657
7,9.36208,1.48814,0.08333,0.91667,2.037,0.000671588,0.000671588,0.000671588
8,10.4443,0.931,0.08333,0.91667,2.037,0.00066452,0.00066452,0.00066452
9,11.8333,0.92372,0.08333,0.91667,2.037,0.000657451,0.000657451,0.000657451
10,13.083,0.75135,0.25,0.91667,1.90108,0.000650383,0.000650383,0.000650383
11,14.1587,0.68066,0.25,0.91667,1.90108,0.000643314,0.000643314,0.000643314
12,15.3506,0.57436,0.25,0.91667,1.90108,0.000636245,0.000636245,0.000636245
13,16.765,0.65138,0.33333,0.91667,1.77463,0.000629177,0.000629177,0.000629177
14,17.7834,0.33749,0.33333,0.91667,1.77463,0.000622108,0.000622108,0.000622108
15,18.9078,0.27576,0.33333,0.91667,1.77463,0.00061504,0.00061504,0.00061504
16,19.9294,0.25228,0.41667,0.91667,1.6889,0.000607971,0.000607971,0.000607971
17,21.121,0.18039,0.41667,0.91667,1.6889,0.000600902,0.000600902,0.000600902
18,22.3558,0.14438,0.41667,0.91667,1.6889,0.000593834,0.000593834,0.000593834
19,23.3868,0.13449,0.41667,0.91667,1.62619,0.000586765,0.000586765,0.000586765
20,24.5216,0.11141,0.41667,0.91667,1.62619,0.000579697,0.000579697,0.000579697
21,25.5353,0.05067,0.41667,0.91667,1.62619,0.000572628,0.000572628,0.000572628
22,26.726,0.092,0.41667,0.91667,1.583,0.000565559,0.000565559,0.000565559
23,27.7038,0.04634,0.41667,0.91667,1.583,0.000558491,0.000558491,0.000558491
24,28.7131,0.02243,0.41667,0.91667,1.583,0.000551422,0.000551422,0.000551422
25,29.8866,0.0433,0.41667,0.91667,1.56973,0.000544354,0.000544354,0.000544354
26,31.3415,0.02778,0.41667,0.91667,1.56973,0.000537285,0.000537285,0.000537285
27,32.7808,0.02592,0.41667,0.91667,1.56973,0.000530216,0.000530216,0.000530216
28,34.0712,0.06481,0.41667,0.91667,1.56558,0.000523148,0.000523148,0.000523148
29,35.2141,0.05518,0.41667,0.91667,1.56558,0.000516079,0.000516079,0.000516079
30,36.3857,0.01562,0.41667,0.91667,1.56558,0.000509011,0.000509011,0.000509011
31,37.4777,0.00729,0.41667,0.91667,1.58193,0.000501942,0.000501942,0.000501942
32,38.5399,0.00969,0.41667,0.91667,1.58193,0.000494873,0.000494873,0.000494873
33,39.8154,0.00736,0.41667,0.91667,1.58193,0.000487805,0.000487805,0.000487805
34,40.8735,0.01887,0.41667,0.91667,1.61505,0.000480736,0.000480736,0.000480736
35,41.9532,0.00847,0.41667,0.91667,1.61505,0.000473668,0.000473668,0.000473668
36,43.1339,0.02106,0.41667,0.91667,1.61505,0.000466599,0.000466599,0.000466599
37,44.181,0.00891,0.41667,0.91667,1.66381,0.00045953,0.00045953,0.00045953
38,45.2397,0.00619,0.41667,0.91667,1.66381,0.000452462,0.000452462,0.000452462
39,46.2973,0.00495,0.41667,0.91667,1.66381,0.000445393,0.000445393,0.000445393
40,47.3916,0.00466,0.41667,0.91667,1.67318,0.000438325,0.000438325,0.000438325
41,48.3775,0.00168,0.41667,0.91667,1.67318,0.000431256,0.000431256,0.000431256
42,49.4376,0.00221,0.41667,0.91667,1.67318,0.000424187,0.000424187,0.000424187
43,50.5174,0.00958,0.41667,0.91667,1.67022,0.000417119,0.000417119,0.000417119
44,51.6017,0.00227,0.41667,0.91667,1.67022,0.00041005,0.00041005,0.00041005
45,52.5878,0.00182,0.41667,0.91667,1.67022,0.000402982,0.000402982,0.000402982
46,53.5752,0.00222,0.41667,0.91667,1.67035,0.000395913,0.000395913,0.000395913
47,54.7946,0.00212,0.41667,0.91667,1.67035,0.000388844,0.000388844,0.000388844
48,56.0487,0.00343,0.41667,0.91667,1.67035,0.000381776,0.000381776,0.000381776
49,57.2382,0.00173,0.41667,0.91667,1.69809,0.000374707,0.000374707,0.000374707
50,58.5842,0.00206,0.41667,0.91667,1.69809,0.000367639,0.000367639,0.000367639
51,59.8544,0.00515,0.41667,0.91667,1.69809,0.00036057,0.00036057,0.00036057
52,61.3021,0.00219,0.41667,0.91667,1.70697,0.000353501,0.000353501,0.000353501
53,62.8743,0.00134,0.41667,0.91667,1.70697,0.000346433,0.000346433,0.000346433
54,64.1813,0.00107,0.41667,0.91667,1.70697,0.000339364,0.000339364,0.000339364
55,65.2539,0.00361,0.41667,0.91667,1.72986,0.000332296,0.000332296,0.000332296
56,66.4338,0.00348,0.41667,0.91667,1.72986,0.000325227,0.000325227,0.000325227
57,67.7658,0.00162,0.41667,0.91667,1.72986,0.000318158,0.000318158,0.000318158
58,68.8707,0.00385,0.5,0.91667,1.70722,0.00031109,0.00031109,0.00031109
59,70.0118,0.00096,0.5,0.91667,1.70722,0.000304021,0.000304021,0.000304021
60,70.9986,0.00105,0.5,0.91667,1.70722,0.000296953,0.000296953,0.000296953
61,72.0327,0.00177,0.5,0.91667,1.73053,0.000289884,0.000289884,0.000289884
62,73.436,0.00261,0.5,0.91667,1.73053,0.000282815,0.000282815,0.000282815
63,74.6685,0.00168,0.5,0.91667,1.73053,0.000275747,0.000275747,0.000275747
64,75.8619,0.00495,0.5,0.91667,1.75691,0.000268678,0.000268678,0.000268678
65,76.9237,0.00137,0.5,0.91667,1.75691,0.00026161,0.00026161,0.00026161
66,78.0148,0.00134,0.5,0.91667,1.75691,0.000254541,0.000254541,0.000254541
67,79.0734,0.00118,0.5,0.91667,1.72994,0.000247472,0.000247472,0.000247472
68,80.2662,0.00062,0.5,0.91667,1.72994,0.000240404,0.000240404,0.000240404
69,81.3185,0.00111,0.5,0.91667,1.72994,0.000233335,0.000233335,0.000233335
70,82.3702,0.00062,0.5,0.91667,1.73453,0.000226267,0.000226267,0.000226267
71,83.4706,0.00067,0.5,0.91667,1.73453,0.000219198,0.000219198,0.000219198
72,84.4964,0.00206,0.5,0.91667,1.73453,0.000212129,0.000212129,0.000212129
73,85.5669,0.00097,0.5,0.91667,1.72887,0.000205061,0.000205061,0.000205061
74,86.5698,0.00097,0.5,0.91667,1.72887,0.000197992,0.000197992,0.000197992
75,87.7167,0.00146,0.5,0.91667,1.72887,0.000190924,0.000190924,0.000190924
76,88.7799,0.00114,0.5,0.91667,1.73229,0.000183855,0.000183855,0.000183855
77,89.8697,0.00143,0.5,0.91667,1.73229,0.000176786,0.000176786,0.000176786
78,90.9218,0.00064,0.5,0.91667,1.73229,0.000169718,0.000169718,0.000169718
79,92.1672,0.00105,0.5,0.91667,1.74858,0.000162649,0.000162649,0.000162649
80,93.4853,0.00043,0.5,0.91667,1.74858,0.000155581,0.000155581,0.000155581
81,94.6558,0.00184,0.5,0.91667,1.74858,0.000148512,0.000148512,0.000148512
82,96.0034,0.00151,0.5,0.91667,1.71749,0.000141443,0.000141443,0.000141443
83,97.1581,0.00073,0.5,0.91667,1.71749,0.000134375,0.000134375,0.000134375
84,98.2467,0.00056,0.5,0.91667,1.71749,0.000127306,0.000127306,0.000127306
85,99.2746,0.00067,0.5,0.91667,1.71298,0.000120238,0.000120238,0.000120238
86,100.6,0.00045,0.5,0.91667,1.71298,0.000113169,0.000113169,0.000113169
87,101.809,0.00109,0.5,0.91667,1.71298,0.0001061,0.0001061,0.0001061
88,102.987,0.00154,0.5,0.91667,1.69026,9.90318e-05,9.90318e-05,9.90318e-05
89,104.017,0.0008,0.5,0.91667,1.69026,9.19632e-05,9.19632e-05,9.19632e-05
90,105.17,0.00085,0.5,0.91667,1.69026,8.48946e-05,8.48946e-05,8.48946e-05
91,106.353,0.00096,0.5,0.91667,1.70855,7.7826e-05,7.7826e-05,7.7826e-05
92,107.491,0.00057,0.5,0.91667,1.70855,7.07574e-05,7.07574e-05,7.07574e-05
93,108.973,0.00063,0.5,0.91667,1.70855,6.36888e-05,6.36888e-05,6.36888e-05
94,110.052,0.0014,0.5,0.91667,1.7079,5.66202e-05,5.66202e-05,5.66202e-05
95,111.203,0.00046,0.5,0.91667,1.7079,4.95516e-05,4.95516e-05,4.95516e-05
96,112.387,0.00072,0.5,0.91667,1.7079,4.2483e-05,4.2483e-05,4.2483e-05
97,113.433,0.00062,0.5,0.91667,1.73317,3.54144e-05,3.54144e-05,3.54144e-05
98,114.567,0.00078,0.5,0.91667,1.73317,2.83458e-05,2.83458e-05,2.83458e-05
99,115.594,0.00098,0.5,0.91667,1.73317,2.12772e-05,2.12772e-05,2.12772e-05
100,116.751,0.00094,0.5,0.91667,1.7478,1.42086e-05,1.42086e-05,1.42086e-05
